normalized,raw,tag,definition_fr
ABERDEEN,Aberdéen,obsolete,"Ancienne graphie d'Aberdeen, ville portuaire d'Écosse."
ABOMEY,Abomey,dated,"1) Abomey : ville du sud du Bénin, ancienne capitale du royaume du Dahomey. 2) Par extension, désignation ancienne du Dahomey, l'actuel Bénin."
ABSCONSER,absconser,archaic,"Ancienne forme du verbe abscondre, qui signifie cacher, dissimuler."
ACAL,ACAL,acronym,"Alsace-Champagne-Ardenne-Lorraine, nom porté par la grande région française née de la fusion de l'Alsace, de la Champagne-Ardenne et de la Lorraine, avant l'adoption du nom définitif de Grand Est."
ACCOUSTUMER,accoustumer,obsolete,"Ancienne orthographe du verbe accoutumer, qui signifie habituer."
ACHAEMENIDE,achæménide,archaic,"Graphie ancienne de achéménide, relatif à la dynastie perse des Achéménides."
ACHERON,Achéron,obsolete,"1) Achéron : fleuve des Enfers dans la mythologie grecque, que les âmes des morts devaient traverser. 2) Par extension, la mort ou le royaume des morts."
ACOLE,acolé,obsolete,"Ancienne orthographe de accolé, participe passé du verbe accoler, au sens de placé côte à côte ou enlacé."
ADHOC,ADHOC,acronym,"Association pour les droits de l'homme et le développement au Cambodge, organisation cambodgienne de défense des droits humains."
AEAEA,Ææa,archaic,"Ancienne graphie du nom de l'île mythique d'Aeaea, séjour de la magicienne Circé dans l'Odyssée d'Homère, également employée comme épithète de figures liées à cette légende, telles que Circé ou Calypso."
AEAQUE,Æaque,archaic,"Ancienne orthographe de Éaque, fils de Zeus qui devint l'un des juges des Enfers dans la mythologie grecque."
AEGEE,ægée,archaic,"Ancienne orthographe de l'adjectif égéen, relatif à la mer Égée."
AEGINE,Ægine,archaic,"Ancienne orthographe d'Égine, île grecque du golfe Saronique."
AEGYPTE,Ægypte,archaic,Ancienne orthographe du nom propre Égypte.
AEGYPTIEN,ægyptien,archaic,"Ancienne orthographe de l'adjectif égyptien, relatif à l'Égypte."
AEGYPTIENNE,ægyptienne,archaic,Forme féminine singulier ancienne de l'adjectif égyptien.
AEGYPTIENNES,ægyptiennes,archaic,Forme féminine pluriel ancienne de l'adjectif égyptien.
AEGYPTIENS,ægyptiens,archaic,Forme masculine pluriel ancienne de l'adjectif égyptien.
AENEIDE,Ænéide,archaic,"Ancienne graphie de Énéide, le poème épique latin de Virgile consacré au héros troyen Énée."
AEOLIE,Æolie,obsolete,"Ancienne graphie de Éolie, contrée associée dans la mythologie grecque à Éole, maître des vents."
AEQUE,Æque,archaic,"Ancienne graphie de Èque, nom donné à un membre du peuple italique antique des Èques, installé dans les montagnes à l'est de Rome."
AESOPE,Æsope,obsolete,"Ancienne graphie d'Ésope, fabuliste grec de l'Antiquité auquel de nombreuses fables sont attribuées."
AETHIOPIE,Æthiopie,obsolete,Ancienne graphie du nom propre Éthiopie.
AETHIOPIEN,Æthiopien,archaic,"Ancienne graphie de l'adjectif éthiopien, relatif à l'Éthiopie."
AETOLIE,Ætolie,archaic,"Ancienne orthographe d'Étolie, région historique de la Grèce antique."
AETOLIEN,Ætolien,archaic,"Ancienne orthographe de l'adjectif étolien, relatif à l'Étolie ou à ses habitants."
AGNOM,agnom,obsolete,"Surnom ajouté au nom d'une personne, dans l'usage de la Rome antique."
ALAIS,Alais,obsolete,"1) Ancienne orthographe d'Alès, sous-préfecture du département du Gard. 2) Nom de famille porté en France."
ALENYA,Alenya,obsolete,"Ancienne orthographe d'Alénya, commune des Pyrénées-Orientales proche de Perpignan."
APOLLIN,Apollin,archaic,"Ancienne forme du nom d'Apollon, fils de Zeus et dieu grec des arts, de la lumière et de la divination."
APREHENDER,apréhender,obsolete,Ancienne orthographe du verbe appréhender.
ARCEP,Arcep,acronym,"Autorité de régulation des communications électroniques, des postes et de la distribution de la presse, organisme français chargé de superviser les télécommunications, le secteur postal et la diffusion de la presse."
ARCOM,ARCOM,acronym,"Autorité de régulation de la communication audiovisuelle et numérique, institution française qui encadre les médias audiovisuels ainsi que les plateformes numériques."
ARSOUDRE,arsoudre,dated,Graphie reflétant la prononciation populaire du verbe résoudre.
ARYM,ARYM,acronym,"Ancienne République yougoslave de Macédoine, dénomination officielle utilisée pour ce pays des Balkans avant l'accord de 2018 qui a réglé son différend de nom avec la Grèce et conduit à l'adoption du nom Macédoine du Nord."
ASPHALTEUSE,asphalteuse,slang,Terme argotique et péjoratif désignant une prostituée qui exerce dans la rue.
ASPOR,aspor,regional,Terme régional désignant la puissance d'un moteur exprimée en chevaux.
ASSEDIC,Assedic,acronym,"Association pour l'emploi dans l'industrie et le commerce, organisme qui a géré en France le versement des allocations chômage avant son intégration à Pôle emploi."
ASSOUVISSANCE,assouvissance,literary,Terme littéraire désignant l'état de satisfaction complète d'un désir ou d'un besoin.
ASV,asv,slang,"Sigle utilisé dans les salons de discussion en ligne pour demander à son interlocuteur son âge, son sexe et sa ville."
ATCHOU,atchou,archaic,"Ancienne variante de l'interjection atchoum, qui imite le bruit de l'éternuement."
ATROPATENE,atropatène,dated,"Adjectif désignant ce qui se rapporte à Atropatès, satrape perse d'Alexandre le Grand, employé surtout dans l'expression Médie atropatène pour nommer une région de l'ancienne Perse."
AVECQUE,avecque,obsolete,"Ancienne forme de la préposition avec, utilisée aussi au sens de aussi dans la poésie classique."
BABAILLE,babaille,colloquial,Interjection familière et enfantine employée pour dire au revoir.
BARBEUC,barbeuc,colloquial,Abréviation familière de barbecue.
BARIA,Baria,obsolete,"Ancienne orthographe de Ba Ria, ville du sud du Vietnam."
BASLE,Basle,obsolete,"Ancienne orthographe de Bâle, ville de Suisse."
BASOURDIR,basourdir,obsolete,Ancien verbe signifiant tuer ou assommer quelqu'un d'un coup violent.
BASSOUILLER,bassouiller,regional,"Verbe régional signifiant tremper ses mains, ses pieds ou tout son corps dans l'eau, ou patauger dans la boue."
BAYOUC,bayouc,obsolete,"Ancien terme désignant un bayou, bras d'eau stagnante formé par les méandres du Mississippi, notamment en Louisiane."
BDK,BDK,obsolete,Sigle désignant la bande dessinée québécoise.
BEAUZELLY,Beauzelly,obsolete,"Ancienne orthographe de Bauzély, lieu-dit français."
BELLAY,Bellay,obsolete,"Ancienne orthographe de Belley, commune du département de l'Ain."
BENGALA,Bengala,archaic,"Ancienne forme du nom Bengale, région d'Asie du Sud partagée aujourd'hui entre l'Inde et le Bangladesh."
BERCY,Bercy,dated,"1) Bercy : quartier de l'est de Paris, autrefois réputé pour ses entrepôts de vin. 2) Par métonymie, le ministère français de l'Économie et des Finances, installé dans ce quartier. 3) Sens vieilli : ivrogne, par allusion aux entrepôts de vin qui s'y trouvaient."
BEUC,BEUC,acronym,"Bureau européen des unions de consommateurs, fédération regroupant les associations de défense des consommateurs à l'échelle européenne."
BICRAVEUR,bicraveur,slang,Terme argotique désignant un revendeur de drogue.
BIGNOLON,bignolon,slang,Terme argotique désignant un policier.
BINKS,binks,slang,"Terme argotique désignant un quartier, en particulier un quartier populaire."
BOBARDER,bobarder,colloquial,Verbe familier signifiant raconter des mensonges sans grande conséquence.
BOEOTIE,Bœotie,obsolete,"Ancienne graphie de Béotie, région de la Grèce antique dont Thèbes était la principale cité."
BOLOLO,bololo,colloquial,Terme familier désignant une confusion générale ou un désordre complet.
BONBONNIER,bonbonnier,dated,Terme vieilli désignant un fabricant ou un vendeur de bonbons.
BONPAS,Bonpas,obsolete,"Ancienne orthographe de Bompas, commune des Pyrénées-Orientales proche de Perpignan."
BOULBI,Boulbi,colloquial,"Abréviation familière désignant la ville de Boulogne-Billancourt, en région parisienne."
BOUNTY,bounty,slang,"Terme argotique et péjoratif désignant une personne noire jugée se comporter ou s'exprimer selon des codes perçus comme blancs, par allusion à la barre chocolatée Bounty, brune à l'extérieur et blanche à l'intérieur."
BOURDILLE,bourdille,slang,"1) Terme argotique désignant une personne méprisable. 2) Par extension, un indicateur qui dénonce ses complices à la police. 3) Peut aussi désigner un policier."
BOURDILLER,bourdiller,slang,Verbe argotique signifiant dénoncer quelqu'un aux autorités.
BOURRINAGE,bourrinage,colloquial,Terme familier désignant un comportement grossier ou brutal.
BOUSTROPHEDONE,boustrophédone,dated,"Forme féminine singulier vieillie de l'adjectif boustrophédon, qui qualifie une écriture dont les lignes se lisent alternativement de gauche à droite puis de droite à gauche."
BOUSTROPHEDONES,boustrophédones,dated,"Forme féminine pluriel vieillie de l'adjectif boustrophédon, qui qualifie une écriture dont les lignes se lisent alternativement de gauche à droite puis de droite à gauche."
BRASSAR,brassar,obsolete,Ancienne orthographe de brassard.
BRENNEUX,brenneux,literary,Terme littéraire et vieilli qualifiant ce qui est souillé d'excréments.
BRONY,brony,slang,"Terme désignant un adulte, le plus souvent un homme, fan de la série télévisée My Little Pony."
BRUSSELLE,Brusselle,obsolete,1) Ancienne orthographe de Bruxelles. 2) Nom de famille porté en France ou en Belgique.
BRUSSELLES,Brusselles,obsolete,Ancienne orthographe de Bruxelles.
BSARTEK,bsartek,slang,Interjection argotique d'origine arabe employée pour féliciter quelqu'un.
BUMMER,bummer,slang,Verbe argotique signifiant quémander gratuitement quelque chose à quelqu'un.
CAECILE,Cæcile,obsolete,Ancienne orthographe du prénom Cécile.
CAESAREE,Cæsarée,obsolete,"Ancienne graphie de Césarée, nom porté par plusieurs villes antiques fondées ou renommées en l'honneur d'un empereur romain."
CAGARELLE,cagarelle,regional,Terme régional et familier désignant la diarrhée.
CALEFACTOIRE,caléfactoire,dated,"Terme vieilli désignant, dans un monastère, la salle chauffée réservée aux moines."
CAMAMILLE,camamille,obsolete,Ancienne forme du mot camomille.
CAMARO,camaro,colloquial,Terme familier et affectueux désignant un ami proche.
CAMOENS,Camoëns,dated,"Ancienne graphie francisée du nom de Camões, poète portugais de la Renaissance."
CAQ,CAQ,acronym,"Coalition Avenir Québec, parti politique québécois fondé en 2011."
CASCABEL,cascabel,obsolete,"Ancienne orthographe de cascabelle, petite clochette ou grelot."
CASOUAR,casouar,obsolete,"Ancienne forme de casoar, grand oiseau coureur d'Océanie proche de l'autruche."
CB,CB,dated,"1) CB : abréviation de Colombie-Britannique, province de l'ouest du Canada. 2) Sigle usuel de carte bancaire, souvent employé sous la forme carte bleue. 3) Dans le vocabulaire de la radio amateur, désigne le canal banalisé, bande de fréquences libre dite CB."
CEDEAO,CEDEAO,acronym,"Communauté économique des États de l'Afrique de l'Ouest, organisation régionale regroupant plusieurs pays ouest-africains autour d'objectifs économiques et politiques communs."
CELESTIAL,Célestial,obsolete,Terme ancien désignant un sujet de l'Empire chinois.
CELIB,célib,colloquial,"Terme familier désignant une personne célibataire, sans partenaire amoureux."
CESAREE,Césarée,obsolete,1) Ancien nom porté par plusieurs villes antiques nommées en l'honneur d'un empereur romain. 2) Ancienne désignation de l'île anglo-normande de Jersey.
CHAERONEE,Chæronée,obsolete,"Ancienne graphie de Chéronée, ville de Béotie où Philippe II de Macédoine vainquit les cités grecques coalisées en 338 av. J.-C."
CHALANT,chalant,archaic,"Ancienne variante de chaland, terme désignant un client habituel d'un commerce."
CHANGHAI,Changhaï,obsolete,"Ancienne orthographe de Shanghai, métropole chinoise."
CHANMAX,chanmax,dated,"Terme d'argot vieilli signifiant excellent, épatant."
CHASTRES,Chastres,obsolete,Ancienne orthographe de Châtres.
CHAUDASSERIE,chaudasserie,colloquial,Terme familier désignant une attitude de séduction ou de provocation sexuelle appuyée.
CHAUDRELAGE,chaudrelage,archaic,Terme ancien désignant l'ensemble des ustensiles de cuisine en cuivre.
CHEBRAN,chébran,dated,"Terme d'argot vieilli signifiant à la mode, branché, formé par verlan sur branché."
CHEFTAIN,cheftain,obsolete,"Terme ancien désignant un chef, en particulier un chef militaire ou un chef de clan."
CHEH,cheh,colloquial,Interjection familière employée par moquerie envers quelqu'un qui subit les conséquences de ses propres actes.
CHERIAT,chériat,archaic,"Ancienne forme du mot charia, désignant la loi islamique."
CHIANTOS,chiantos,slang,Terme argotique qualifiant quelque chose d'ennuyeux.
CHOUPI,choupi,colloquial,"Terme familier et affectueux signifiant mignon, ou désignant une personne mignonne."
CHTAR,chtar,slang,"1) Terme argotique désignant un coup violent ou une raclée. 2) Par un autre usage, désigne un bouton d'acné."
CHUI,chui,colloquial,Contraction familière et orale de je suis.
CIRCO,circo,colloquial,Abréviation familière de circonscription électorale.
CLAYRA,Clayra,obsolete,"Ancienne orthographe de Claira, commune des Pyrénées-Orientales."
COCHEUR,cocheur,slang,"Terme désignant, chez les ornithologues amateurs, une personne cherchant avant tout à observer et cocher un maximum d'espèces d'oiseaux différentes sur une liste."
COGER,coger,dialectal,Verbe dialectal signifiant punir quelqu'un ou le contraindre à agir.
COIE,coie,obsolete,"Ancienne forme féminine singulier de l'adjectif coi, qui signifie silencieux, immobile."
COIES,coies,obsolete,"Ancienne forme féminine pluriel de l'adjectif coi, qui signifie silencieux, immobile."
COINSTO,coinsto,slang,"Terme argotique désignant un lieu, en particulier son quartier d'origine."
COLOMNADE,colomnade,obsolete,Ancienne orthographe de colonnade.
COLOMNE,colomne,obsolete,Ancienne orthographe de colonne.
COLOSSEE,Colossée,dated,"Ancienne forme de Colisée, le grand amphithéâtre de la Rome antique."
CONGRUANT,congruant,archaic,"Ancienne forme de l'adjectif congruent, qui convient bien, qui s'accorde avec quelque chose."
CONSERANS,Conserans,obsolete,"Ancienne orthographe de Couserans, région pyrénéenne du sud de l'Ariège."
CONSUMOIT,consumoit,archaic,"Ancienne orthographe de consumait, imparfait du verbe consumer."
CONTEMNEMENT,contemnement,dated,Terme vieilli désignant le mépris.
CORINNE,Corinne,slang,"1) Prénom féminin. 2) En argot, désigne la cocaïne."
COTO,coto,slang,"Abréviation argotique de cotorep, désignant une personne reconnue en situation de handicap par cette ancienne commission administrative."
COTOREP,cotorep,slang,"Terme argotique, par métonymie du nom de l'ancienne commission chargée de statuer sur le handicap, désignant une personne en situation de handicap."
COUPIANSK,Coupiansk,obsolete,"Ancienne orthographe rare de Koupiansk, ville d'Ukraine."
COUROIT,couroit,archaic,"Ancienne orthographe de courait, imparfait du verbe courir."
COUSTUME,coustume,archaic,Ancienne orthographe de coutume.
COUZ,couz,colloquial,Abréviation familière de cousin.
CRIGOLS,Crigols,obsolete,"Ancienne forme de Crégols, commune du Lot."
CRINGE,cringe,colloquial,Terme familier emprunté à l'anglais qualifiant une situation gênante qui provoque un malaise.
CROIVENT,croivent,colloquial,Forme familière de la troisième personne du pluriel du présent du verbe croire.
CROUS,CROUS,acronym,"Centre régional des œuvres universitaires et scolaires, organisme public qui gère notamment les bourses, les résidences et les restaurants universitaires en France."
CRUSH,crush,slang,"Terme familier emprunté à l'anglais désignant un béguin amoureux, ou la personne qui en est l'objet."
CUTEX,cutex,colloquial,"Terme familier, issu à l'origine d'une marque, employé pour désigner du vernis à ongles."
CYNTHIE,Cynthie,archaic,Ancienne forme du prénom Cynthia.
CYPRE,Cypre,archaic,Ancienne forme de Chypre.
DALO,DALO,acronym,"Droit au logement opposable, dispositif juridique français permettant à une personne mal logée de faire valoir en justice son droit à un logement décent."
DEBILOS,débilos,slang,Terme argotique et péjoratif qualifiant quelqu'un de stupide.
DECRISSER,décrisser,slang,"1) Verbe argotique québécois signifiant partir, décamper. 2) Peut aussi signifier enlever ou retirer quelque chose. 3) Employé également au sens de maltraiter ou d'endommager gravement."
DEGLINGO,déglingo,colloquial,"Terme familier qualifiant quelqu'un ou quelque chose de détraqué, de fou."
DELF,DELF,acronym,"Diplôme d'études en langue française, certification officielle qui atteste du niveau de maîtrise du français chez les non-francophones."
DESO,déso,colloquial,Abréviation familière de désolé.
DIADOCHE,diadoche,dated,"Variante vieillie de diadoque, terme désignant chacun des généraux d'Alexandre le Grand qui se partagèrent son empire après sa mort."
DIAGOU,diagou,regional,Terme régional désignant une plante du genre jonc.
DINS,dins,colloquial,Forme familière et régionale de la contraction dans les.
DIONYSE,Dionyse,literary,"Variante littéraire du nom de Dionysos, dieu grec du vin et de la vigne."
DISTENTION,distention,obsolete,Ancienne orthographe de distension.
DOCTRICE,doctrice,obsolete,Ancien féminin du mot docteur.
DRET,dret,obsolete,"Ancienne forme populaire de droit, employée aussi au sens de exactement, précisément."
DROM,DROM,acronym,"Département et région d'outre-mer, catégorie administrative regroupant les territoires français d'outre-mer dotés à la fois du statut de département et de région."
DZ,DZ,slang,"Abréviation familière désignant l'Algérie ou les Algériens, d'après le code du pays."
EINS,eins,slang,Terme argotique désignant les seins.
EJADE,éjade,obsolete,Ancienne forme du mot jade.
ENA,ENA,acronym,"École nationale d'administration, ancienne grande école française qui formait les hauts fonctionnaires, remplacée en 2022 par l'Institut national du service public."
ENEWE,énéwé,slang,"Terme argotique employé pour changer de sujet, équivalent de bref ou enfin bref."
ENTREGENS,entregens,archaic,"Pluriel ancien de entregent, terme désignant l'habileté à se comporter en société."
ENWEILLE,enweille,colloquial,"Variante familière québécoise de envoye, interjection encourageant à agir ou à se dépêcher."
ERYTHREE,Érythrée,obsolete,"1) Forme elliptique désignant la mer Érythrée, ancien nom donné par les Grecs à la mer Rouge et à une partie de l'océan Indien. 2) Désigne aussi l'Érythrée, pays d'Afrique de l'Est bordant la mer Rouge. 3) Nom d'une cité de la Crète antique."
ESPINGO,espingo,slang,"Terme argotique, parfois péjoratif, désignant un Espagnol."
EUBOEE,Eubœe,archaic,"Ancienne orthographe d'Eubée, grande île grecque de la mer Égée."
EUZBEK,Euzbek,archaic,"Ancienne forme de l'adjectif ouzbek, relatif à l'Ouzbékistan."
FEESO,FEESO,acronym,"Fédération des enseignantes-enseignants des écoles secondaires de l'Ontario, syndicat canadien représentant les enseignants du secondaire dans cette province."
FEUMEU,feumeu,slang,"Terme argotique, formé par verlan sur femme, désignant une femme ou une fille."
FIDE,FIDE,acronym,"Fédération internationale des échecs, instance mondiale qui régit la pratique du jeu d'échecs en compétition."
FIDIC,FIDIC,acronym,"Fédération internationale des ingénieurs-conseils, organisation regroupant les associations nationales d'ingénieurs-conseils, connue notamment pour ses modèles types de contrats de construction."
FIG,FIG,acronym,"Fédération internationale de gymnastique, instance mondiale qui régit les disciplines gymniques."
FILATIEFF,Filatieff,dated,Transcription francisée d'un patronyme russe.
FISICIEN,fisicien,archaic,"Terme ancien désignant un médecin, au Moyen Âge."
FITEQ,FITEQ,acronym,"Fédération internationale de teqball, instance qui régit ce sport inspiré du football et pratiqué sur une table incurvée."
FLANCHARD,flanchard,slang,"Terme argotique qualifiant une personne lâche, ou désignant cette personne elle-même."
FOOTIX,footix,slang,"Terme argotique, par allusion au coq mascotte de la Coupe du monde de football de 1998, désignant un amateur occasionnel de football qui donne son avis avec une assurance disproportionnée par rapport à ses connaissances réelles."
FOURGAT,fourgat,dated,"Terme vieilli désignant un receleur, personne qui revend des objets volés."
FOURLOUREUR,fourloureur,obsolete,Terme ancien désignant un meurtrier.
FRAGIN,fragin,colloquial,"Terme familier désignant un frère, variante de frangin."
FRAGINE,fragine,colloquial,"Terme familier désignant une sœur, variante de frangine."
FRARATRE,frarâtre,dated,"Terme vieilli désignant un demi-frère peu aimant, voire malveillant."
FREGOZES,Fregozes,obsolete,Ancienne orthographe de Frégoses.
FRERATRE,frèrâtre,dated,"Terme vieilli désignant un demi-frère peu aimant, voire malveillant."
FUCKZONE,fuckzone,slang,Terme argotique emprunté à l'anglais désignant une relation ambiguë fondée sur des rapports sexuels sans engagement affectif.
GAMBRA,Gambra,obsolete,"Ancien nom d'un fleuve d'Afrique de l'Ouest, la Gambie."
GAULLE,Gaulle,obsolete,"Ancienne graphie de Gaule, surtout conservée aujourd'hui dans des noms de famille, sans lien direct établi avec le patronyme de Charles de Gaulle."
GENEST,Genest,obsolete,"Ancienne orthographe de Genêts, commune de Normandie dans la Manche."
GENOUIL,genouil,obsolete,Ancienne forme du mot genou.
GENTILLEMENT,gentillement,obsolete,Ancienne orthographe de gentiment.
GHILAN,Ghilan,obsolete,"Ancienne forme de Gjilan, ville du Kosovo."
GHIOLOF,Ghiolof,obsolete,"1) Ancien nom d'un royaume d'Afrique de l'Ouest. 2) Par extension, désignait un habitant de ce royaume."
GIEC,GIEC,acronym,"Groupe d'experts intergouvernemental sur l'évolution du climat, organisme des Nations unies qui évalue les connaissances scientifiques sur le changement climatique."
GINGO,gingo,dated,"Ancienne variante orthographique de ginkgo, arbre originaire de Chine."
GINKYO,ginkyo,dated,"Ancienne variante orthographique de ginkgo, arbre originaire de Chine."
GIOU,giou,slang,Terme argotique qualifiant quelque chose de délicieux.
GIRAFFE,giraffe,archaic,Ancienne orthographe de girafe.
GNEUGNEU,gneugneu,slang,"Terme argotique, onomatopée employée pour se moquer de quelqu'un en imitant ses paroles de façon caricaturale."
GOGUELU,goguelu,archaic,"Terme ancien qualifiant une personne vaniteuse, imbue d'elle-même."
GOUINASSE,gouinasse,colloquial,Terme familier et péjoratif désignant une femme homosexuelle.
GOUST,goust,archaic,Ancienne orthographe de goût.
GRAEC,Græc,obsolete,Ancienne orthographe de Grec.
GRAECE,Græce,obsolete,Ancienne orthographe de Grèce.
GRAIS,grais,archaic,"Ancienne orthographe de grès, roche sédimentaire."
GRECE,GRECE,acronym,"Groupement de recherche et d'études pour la civilisation européenne, cercle de réflexion français d'extrême droite fondé en 1968, associé au courant de la Nouvelle Droite."
GROENLANDE,Groënlande,archaic,Ancienne forme du nom Groenland.
GUDJERAT,Gudjérat,dated,"Ancienne forme du nom Gujarat, État de l'ouest de l'Inde."
GUIENNE,Guienne,obsolete,"Ancienne forme de Guyenne, région historique du sud-ouest de la France."
GUIGNOLOT,guignolot,colloquial,Terme familier désignant une personne qui se comporte de façon ridicule.
GUILAN,Guilan,obsolete,"1) Ancien nom du Guilan, province du nord de l'Iran bordant la mer Caspienne. 2) Ancienne forme du nom de Gjilan, ville du Kosovo."
GUION,Guion,archaic,"Ancien prénom masculin, également devenu nom de famille."
HABIN,habin,obsolete,Ancien terme désignant un chien.
HADOPI,HADOPI,acronym,"Haute Autorité pour la diffusion des œuvres et la protection des droits sur Internet, autorité administrative française chargée de lutter contre le téléchargement illégal d'œuvres protégées."
HAINAULT,Hainault,archaic,"Ancienne forme de Hainaut, région à cheval sur la Belgique et le nord de la France."
HAR,HAR,acronym,"Heure avancée des Rocheuses, fuseau horaire nord-américain utilisé l'été dans la région des montagnes Rocheuses."
HARDOS,hardos,slang,Terme familier désignant un amateur de hard rock.
HAYIR,hayir,obsolete,Ancienne orthographe de haïr.
HCHOUMA,hchouma,slang,Terme argotique d'origine arabe qualifiant ce qui est honteux ou inconvenant.
HESS,hess,slang,"Terme argotique désignant une situation difficile, en particulier un manque d'argent."
HETREE,hêtrée,obsolete,"Ancienne orthographe de hêtraie, terrain planté de hêtres."
HON,hon,dated,Interjection vieillie imitant un petit rire ou marquant l'approbation.
HUICTANTE,huictante,obsolete,"Ancienne orthographe de huitante, forme régionale de quatre-vingts employée notamment en Suisse."
HYPERBOREE,hyperborée,dated,"Terme vieilli qualifiant ce qui appartient aux régions situées à l'extrême nord, par référence aux Hyperboréens de la mythologie grecque."
HYPERICON,hypéricon,dated,"Terme vieilli désignant le millepertuis, plante aux propriétés médicinales du genre Hypericum."
IENCLI,iencli,slang,Terme argotique désignant un acheteur de drogue.
IFOP,IFOP,acronym,"Institut français d'opinion publique, institut de sondages français fondé en 1938, l'un des plus anciens du genre."
IMPOLLU,impollu,literary,"Terme littéraire qualifiant ce qui est resté pur, sans souillure."
INDOCHINE,Indochine,dated,"1) Indochine : péninsule d'Asie du Sud-Est comprenant notamment le Vietnam, le Cambodge et le Laos. 2) Par extension, ancienne colonie française établie sur ce territoire. 3) Nom donné aussi à une couleur brun-orangé."
INOUIR,inouïr,literary,"Verbe littéraire signifiant faire vivre à quelqu'un une expérience extraordinaire, l'éblouir."
INRA,INRA,acronym,"Institut national de la recherche agronomique, organisme public français de recherche en agronomie, aujourd'hui intégré à l'INRAE."
INRAE,INRAE,acronym,"Institut national de recherche pour l'agriculture, l'alimentation et l'environnement, organisme public français né en 2020 de la fusion de l'INRA et de l'Irstea."
INRIA,Inria,acronym,"Institut national de recherche en informatique et en automatique, établissement public français de recherche dédié au numérique."
INSEE,INSEE,acronym,"Institut national de la statistique et des études économiques, administration française chargée de produire les statistiques officielles du pays."
INTERROGANT,interrogant,dated,"Terme vieilli qualifiant ce qui exprime une interrogation, ou une personne curieuse, portée à questionner."
IPC,IPC,dated,"Sigle placé devant le nom d'un sport pour indiquer qu'il s'agit d'une discipline adaptée aux personnes handicapées, par référence au Comité international paralympique."
IRCAM,IRCAM,acronym,"Institut de recherche et coordination acoustique/musique, centre parisien de recherche et de création consacré à la musique contemporaine et aux technologies sonores, fondé par Pierre Boulez."
IRCG,IRCG,acronym,"Institut de recherche criminelle de la gendarmerie nationale, service scientifique français chargé de l'analyse des indices matériels dans les enquêtes judiciaires."
ISSIR,issir,archaic,"Verbe ancien signifiant sortir, quitter un lieu."
JARNIDIEU,jarnidieu,dated,"Ancien juron atténué, exclamation marquant la surprise ou l'agacement."
JUPIN,Jupin,archaic,"Ancienne forme familière du nom de Jupiter, dieu suprême de la mythologie romaine."
KAINRI,kainri,slang,"Terme argotique, formé par verlan sur ricain, désignant un Américain."
KAYLLOR,Kayllor,obsolete,"Ancienne orthographe de Cayor, ancien royaume de la côte sénégalaise."
KAYOR,Kayor,obsolete,"Graphie ancienne désignant le Cayor, royaume wolof historique situé sur le littoral du Sénégal."
KESS,kess,colloquial,"Forme contractée et orale de « qu'est-ce que », utilisée dans la langue parlée familière."
KEVIN,Kevin,slang,"1) Prénom masculin d'origine irlandaise, popularisé en France dans les années 1980-1990. 2) Par moquerie sociale, désigne une personne jugée vulgaire, inculte ou issue d'un milieu populaire mal considéré, connotation classiste incluse."
KHALASS,khalass,slang,"Terme d'argot venu de l'arabe khalas (« c'est fini »), employé pour dire qu'on règle son compte à quelqu'un, en payant une dette ou, plus violemment, en le tuant."
KHO,kho,slang,"Terme d'argot désignant un frère ou un ami proche, équivalent de « frangin » ou « pote »."
KHOYA,khoya,colloquial,"Variante d'argot signifiant « frère » ou « ami », empruntée à l'arabe maghrébin et employée entre proches."
KISSE,kissé,colloquial,"Forme orale contractée de « qui est-ce que », utilisée dans un registre familier."
KRO,Kro,colloquial,"Diminutif familier désignant la bière Kronenbourg, souvent employé pour en commander une pression."
LAPEJE,Lapèje,obsolete,"Ancienne orthographe de Lapège, commune du département de l'Ariège."
LAUNE,laune,slang,Terme d'argot désignant un policier.
LEAOTUNG,Léaotung,obsolete,Ancienne transcription française de la péninsule chinoise du Liaodong.
LEAOYANG,Léaoyang,obsolete,Ancienne transcription française de la ville chinoise de Liaoyang.
LEIPZICOIS,leipzicois,dated,"Ancienne forme de « leipzigois », qualifiant ce qui se rapporte à la ville allemande de Leipzig."
LEULEU,leuleu,slang,Terme argotique désignant la position sexuelle où un partenaire est pénétré par-derrière.
LEVESOU,Levesou,obsolete,"Ancienne graphie du Lévézou, massif et région naturelle du département de l'Aveyron."
LICADHO,LICADHO,acronym,"Ligue cambodgienne de défense des droits de l'homme, organisation non gouvernementale qui œuvre pour la protection des droits humains au Cambodge."
LICEBROQUE,licebroque,slang,Terme d'argot désignant le fait d'uriner.
LICRA,LICRA,acronym,"Ligue internationale contre le racisme et l'antisémitisme, association française fondée pour combattre les discriminations raciales et antisémites."
LIFE,life,slang,"Emprunt à l'anglais désignant la vie, employé notamment dans des expressions comme « c'est la life »."
LINCEUX,linceux,obsolete,"Ancienne forme plurielle de « linceul », le tissu dont on enveloppe un corps avant l'inhumation."
LIPSE,Lipse,obsolete,"1) Ancien nom français de la ville allemande de Leipzig. 2) Référence à Juste Lipse, humaniste flamand de la Renaissance."
LOPOULOFF,Lopouloff,obsolete,Transcription française du patronyme russe Луполов (Lupolov).
MACDO,MacDo,slang,"Abréviation familière désignant la chaîne de restauration rapide McDonald's, parfois employée pour la restauration rapide en général."
MAHEUTRE,maheutre,obsolete,"1) Manche courte et rembourrée couvrant le bras de l'épaule au coude, portée sous l'Ancien Régime. 2) Par extension, surnom donné aux soldats, notamment aux combattants protestants pendant les guerres de Religion."
MAIF,MAIF,acronym,"Mutuelle assurance des instituteurs de France, société d'assurance mutualiste fondée à l'origine pour les enseignants."
MAISONNEUVE,Maisonneuve,obsolete,"1) Patronyme français signifiant littéralement « maison neuve ». 2) Ancien village aujourd'hui intégré à l'île de Montréal, au Québec."
MANTCHOUKOUO,Mantchoukouo,obsolete,"Ancienne transcription française de l'État fantoche du Mandchoukouo, créé par le Japon en Mandchourie."
MANTCHOURIE,Mantchourie,obsolete,"Ancienne orthographe de la Mandchourie, région historique du nord-est de la Chine."
MARIOUPOL,Marioûpol,obsolete,"Ancienne graphie de Marioupol, ville portuaire ukrainienne sur la mer d'Azov."
MASCON,Mascon,obsolete,"Ancienne forme du nom de Mâcon, ville de Bourgogne."
MASTERCLASSE,masterclasse,slang,"Francisation de « master class », cours donné par un expert reconnu à un public restreint."
MATRIXE,matrixé,slang,"1) Avoir été profondément marqué par un événement au point d'en avoir la vision du monde bouleversée. 2) Être sous l'emprise intellectuelle d'une personne, jusqu'à l'endoctrinement. 3) Être totalement accro à une activité, au point d'y consacrer un temps excessif."
MATUCHE,matuche,slang,"Terme d'argot désignant un gardien de prison ou, plus largement, un policier."
MAUDITION,maudition,regional,Synonyme vieilli de « malédiction ».
MAUTADIT,mautadit,colloquial,"Juron québécois marquant l'insistance ou l'exaspération, équivalent de « maudit » dans une phrase emphatique."
MAZOURKE,mazourke,dated,"Ancienne francisation du mot « mazurka », danse polonaise à trois temps."
MBILA,mbila,slang,Terme d'argot désignant la police.
MERCO,Merco,slang,Abréviation familière désignant une automobile de la marque Mercedes.
MERICAIN,méricain,slang,"Déformation argotique et moqueuse de « américain », désignant les États-Unis ou leurs ressortissants sur un ton railleur."
MESCHACEBE,Meschacébé,dated,"Ancien nom, d'origine amérindienne, donné au fleuve Mississippi par les explorateurs français."
MESMEMENT,mesmement,archaic,"Ancienne orthographe de « mêmement », adverbe signifiant « surtout » ou « en particulier »."
MEUR,meur,obsolete,Ancienne graphie de l'adjectif « mûr ».
MIF,mif,slang,"Terme d'argot, verlan de « famille », désignant le cercle familial ou les proches."
MIGRAINIER,migrainier,obsolete,"Ancien nom du grenadier, arbuste dont le fruit est la grenade."
MILHOUSE,Milhouse,obsolete,"Ancienne orthographe de Mulhouse, ville d'Alsace."
MINUSTAH,MINUSTAH,acronym,"Mission des Nations unies pour la stabilisation en Haïti, opération de maintien de la paix déployée après la crise politique de 2004."
MONNOIE,monnoie,obsolete,Ancienne graphie du mot « monnaie ».
MONNOYE,monnoye,obsolete,"Autre ancienne graphie du mot « monnaie », attestée avant la fixation orthographique moderne."
MONTMOULOUX,Montmouloux,obsolete,"Ancienne forme du nom de Moumoulous, village des Hautes-Pyrénées."
MONTPARNO,Montparno,slang,Surnom familier du quartier parisien de Montparnasse.
MORDAN,mordan,obsolete,Ancienne graphie de l'adjectif « mordant ».
MORTNE,mortné,obsolete,"1) Variante graphique de « mort-né », qualifiant un enfant décédé avant ou pendant l'accouchement. 2) Ancienne forme de « morné », terme de blason qualifiant un animal héraldique représenté sans dents ni griffes."
MOULIERY,Mouliery,obsolete,"Ancienne graphie de Mouliéris, ferme aujourd'hui en ruine sur la commune de Saint-Lizier, en Ariège."
MUCEM,Mucem,acronym,"Musée des civilisations de l'Europe et de la Méditerranée, institution culturelle installée à Marseille depuis 2013."
NARCISUS,Narcisus,archaic,"Ancienne graphie du prénom Narcisse, référence à la figure mythologique grecque."
NAS,NAS,acronym,"Numéro d'assurance sociale, identifiant fiscal et administratif attribué à chaque résident au Canada."
NEERLANDE,Néerlande,obsolete,Ancien nom désignant les Pays-Bas.
NEP,NEP,acronym,"Nouvelle politique économique, réforme instaurée par Lénine en URSS en 1921 pour réintroduire certains mécanismes de marché."
NIGROMANCIE,nigromancie,archaic,"Ancienne forme de « nécromancie », désignant la divination par évocation des morts, parfois confondue à tort avec la magie noire."
NISMES,Nismes,obsolete,"Ancienne orthographe de la ville de Nîmes, dans le Gard."
NONILLION,nonillion,dated,"Nombre valant dix puissance trente dans l'échelle courte, ou dix puissance cinquante-quatre dans l'échelle longue, deux conventions de nommage des grands nombres qui coexistent selon les pays."
NORAF,noraf,dated,Forme tronquée et vieillie de « Nord-Africain ».
NORDAF,nordaf,dated,"Autre forme tronquée, également vieillie, de « Nord-Africain »."
NOYLHIAC,Noylhiac,obsolete,"Ancienne graphie de Noailhac, nom porté par plusieurs communes françaises."
NULLOS,nullos,slang,"Terme d'argot, à la fois nom et adjectif, qualifiant une personne ou une chose jugée sans intérêt ou sans valeur."
ODEE,odée,dated,"Ancienne forme du mot « odéon », théâtre destiné dans l'Antiquité aux représentations musicales."
OFPRA,OFPRA,acronym,"Office français de protection des réfugiés et apatrides, établissement public chargé d'instruire les demandes d'asile en France."
OKEDOU,okédou,colloquial,Variante familière et enjouée de « d'accord ».
OMBROPHOBE,ombrophobe,obsolete,Se dit d'une plante qui craint la pluie et recherche au contraire l'ensoleillement.
OPHTHALMOLOGIE,ophthalmologie,archaic,"Ancienne orthographe, avec un h, du mot « ophtalmologie »."
OPHTHALMOLOGUE,ophthalmologue,archaic,"Ancienne orthographe, avec un h, du mot « ophtalmologue »."
ORGEIS,Orgeis,obsolete,"Ancienne graphie d'Orgeix, village du département de l'Ariège."
ORICIEN,Oricien,slang,"Terme désignant un utilisateur des ordinateurs personnels de la marque Oric, populaires dans les années 1980."
ORT,ort,obsolete,"1) Ancien terme désignant le poids brut d'une marchandise, avant déduction de la tare. 2) Qualifiait aussi ce qui était sale ou grossier."
OTAN,OTAN,acronym,"Organisation du traité de l'Atlantique Nord, alliance militaire fondée en 1949 regroupant des pays d'Amérique du Nord et d'Europe."
OUFISSIME,oufissime,colloquial,"Superlatif familier de « ouf » (fou en verlan), signifiant extrêmement fou ou incroyable."
OUISCONSIN,Ouisconsin,dated,"Ancienne francisation du nom de la rivière Wisconsin, aux États-Unis."
OZ,oz,obsolete,"Abréviation de « once », unité de masse anglo-saxonne."
PADS,PADS,slang,"Sigle désignant l'état de mélancolie ressenti par certains spectateurs après avoir vu le film Avatar, en rupture avec le monde fictif qu'il dépeint."
PAEDERASTE,pædéraste,obsolete,"Ancienne graphie, empruntant directement au grec, du mot « pédéraste »."
PALAESTINE,Palæstine,obsolete,"Ancienne graphie, avec ligature latine, du nom « Palestine »."
PALESTIN,Palestin,obsolete,"Ancien nom désignant les Philistins, peuple de l'Antiquité installé sur la côte orientale de la Méditerranée."
PAMPELLONNE,Pampellonne,obsolete,"Ancienne graphie de Pampelonne, commune du département du Tarn."
PANAME,Paname,slang,Surnom populaire et affectueux de la ville de Paris.
PAPARMANE,paparmane,colloquial,"Bonbon à la menthe poivrée, terme employé au Québec."
PAPIRACE,papiracé,obsolete,"Variante orthographique de « papyracé », qualifiant ce qui a la consistance ou l'aspect du papier."
PARBOUILLIR,parbouillir,archaic,"Faire cuire brièvement un aliment dans l'eau bouillante, sans achever la cuisson."
PASTOUR,pastour,archaic,Ancienne forme du mot « berger ».
PATIMENT,pâtiment,literary,"État de souffrance prolongée, endurée avec résignation."
PATNE,patnè,slang,Terme d'argot désignant un ami proche.
PEB,PEB,acronym,"Prêt entre bibliothèques, dispositif permettant à un établissement d'emprunter un document conservé ailleurs pour le mettre à la disposition d'un lecteur inscrit."
PEGU,pégu,slang,Terme d'argot péjoratif désignant un paysan ou une personne perçue comme fruste.
PERNIFLARD,perniflard,slang,Terme d'argot désignant la boisson anisée Pernod.
PETERSBOURG,Pétersbourg,obsolete,Ancienne forme abrégée du nom de Saint-Pétersbourg.
PETOU,pétou,slang,Terme d'argot désignant une cigarette de cannabis.
PEUPLERAYE,peupleraye,obsolete,"Ancienne graphie de « peupleraie », plantation de peupliers."
PHARETRE,pharètre,literary,"Étui allongé destiné à contenir des flèches, porté en bandoulière par l'archer."
PHENICE,Phénice,obsolete,"Ancien nom de la Phénicie, civilisation antique du littoral levantin."
PHOENICIE,Phœnicie,archaic,"Ancienne graphie, avec ligature grecque, du nom « Phénicie »."
PINOCUMETTRE,pinocumettre,slang,Terme d'argot vulgaire signifiant avoir des rapports sexuels avec quelqu'un.
PLO,plo,dated,"Plat de riz cuit avec de la viande et des épices, originaire d'Asie centrale, aussi appelé pilaf."
PLS,PLS,colloquial,"1) Sigle de « position latérale de sécurité », posture de premiers secours donnée à une personne inconsciente qui respire encore. 2) Par extension familière, état d'épuisement extrême ou de grande gêne après un événement embarrassant. 3) Se dit, par analogie, d'un appareil ou d'un service informatique devenu très lent ou hors d'usage."
POISSECAILLE,poissecaille,slang,Terme d'argot désignant un poisson.
POTEUX,poteux,colloquial,"Terme d'argot désignant un fumeur assidu de cannabis, souvent perçu comme apathique et incapable de s'investir dans autre chose."
POTO,poto,slang,"Orthographe familière de « poteau », terme d'argot signifiant « copain »."
POUCRE,poucre,dialectal,Terme dialectal signifiant important ou impressionnant.
POYO,Poyo,obsolete,"Ancien nom désignant la variété de banane Gros Michel, autrefois dominante avant d'être décimée par une maladie fongique."
PQ,PQ,colloquial,"1) Sigle familier désignant le papier hygiénique. 2) Sigle du Parti québécois, formation politique souverainiste du Québec. 3) Abréviation de « province de Québec »."
PRAENESTE,Præneste,archaic,"Ancienne graphie de Préneste, cité antique du Latium, aujourd'hui Palestrina, en Italie."
PRAENESTIN,Prænestin,archaic,"Ancien adjectif désignant ce qui se rapporte à Préneste, cité antique du Latium."
PREBENDAIRE,prébendaire,archaic,"Ancien terme d'Église désignant le titulaire d'une prébende, revenu ecclésiastique attaché à une fonction."
PRESTRESSE,prestresse,archaic,Ancienne graphie du mot « prêtresse ».
PRISU,Prisu,dated,"Abréviation familière de Prisunic, ancienne chaîne française de magasins populaires."
PROG,prog,slang,"1) Abréviation familière de « programmation », notamment en informatique. 2) Abréviation de « progestérone », hormone stéroïde."
PROMISCU,promiscu,archaic,Ancien adjectif signifiant commun ou partagé entre plusieurs personnes.
PRUSSIE,Prussie,obsolete,"Ancien nom désignant la Prusse, région puis État historique d'Europe du Nord, aujourd'hui partagé entre l'Allemagne, la Pologne et la Russie."
PSELLISME,psellisme,dated,"Terme médical ancien désignant un trouble de la prononciation, en particulier le bégaiement, et plus largement toute anomalie de l'articulation de la parole."
PSILOSE,psilose,dated,"1) En linguistique, disparition de l'aspiration initiale d'un mot. 2) En médecine, synonyme ancien d'alopécie, la perte des cheveux. 3) Autre nom donné à la maladie cœliaque, trouble digestif chronique."
PUFFER,puffer,slang,"1) Ancien anglicisme signifiant faire de la publicité, vanter un produit. 2) Aspirer la vapeur d'une cigarette électronique."
PUSSY,pussy,slang,"1) Terme d'argot anglicisé désignant le sexe féminin. 2) Par extension péjorative, un homme jugé lâche ou peu viril."
PUTA,puta,slang,"Emprunt à l'espagnol ou au portugais, équivalent vulgaire de « pute », employé comme insulte visant une femme."
QHS,QHS,acronym,"Quartier de haute sécurité, ancien secteur d'une prison française réservé aux détenus jugés les plus dangereux."
QUATTORZE,quattorze,obsolete,Ancienne graphie du nombre « quatorze ».
QUESSE,quessé,colloquial,"Forme orale très contractée de « qu'est-ce que c'est ? », employée au Québec."
QUIENS,quiens,colloquial,"Ancienne ou régionale variante de « tiens », interjection marquant la surprise ou accompagnant le geste de donner quelque chose."
QUIN,quin,colloquial,"Autre variante régionale de « tiens », employée dans le même sens de surprise ou pour accompagner un don."
QUOSSE,quossé,colloquial,"Variante de « quessé », forme orale contractée de « qu'est-ce que c'est ? », employée au Québec."
RABIOLOT,rabiolot,regional,"Terme régional désignant un jeune lapin, synonyme de lapereau."
RANDOM,random,colloquial,"1) Anglicisme signifiant « au hasard » ou « sans rapport avec le contexte ». 2) Désigne aussi, par nominalisation, une personne quelconque et inconnue."
RAVEL,RAVeL,acronym,"Réseau autonome de voies lentes, ensemble d'itinéraires belges réservés aux cyclistes, piétons et cavaliers, situé en Région wallonne."
RCHOUMA,rchouma,slang,"D'origine arabe maghrébine, terme d'argot qualifiant ce qui provoque la honte ou le scandale."
RELIQUA,reliqua,obsolete,"Ancienne forme du mot « reliquat », la partie restante d'une somme ou d'un ensemble."
RHAETIE,Rhætie,obsolete,"Ancienne graphie de la Rhétie, province de l'Empire romain correspondant approximativement à la Suisse orientale et au Tyrol actuels."
RILLE,rille,dialectal,Terme dialectal désignant un petit morceau de viande de porc.
RINQUE,rinque,dialectal,Terme dialectal employé pour indiquer qu'une action vient tout juste de se produire.
ROAYS,Roays,obsolete,"Ancienne graphie de Roaix, commune du département du Vaucluse."
ROE,roé,colloquial,Ancienne ou dialectale variante du mot « roi ».
ROMANIA,Romania,literary,"Ensemble des régions d'Europe où l'on parle une langue issue du latin, les langues romanes."
ROUQUASSE,rouquasse,colloquial,Terme familier et légèrement péjoratif désignant une femme rousse.
ROUSSILLON,Roussillon,obsolete,"1) Roussillon, région historique du sud de la France, aujourd'hui intégrée à l'Occitanie, dont Perpignan fut la capitale. 2) Nom porté par plusieurs communes françaises, notamment dans l'Isère et le Vaucluse. 3) Ancien nom de Château-Roussillon, site antique proche de Perpignan."
SABENA,Sabena,acronym,"Société anonyme belge d'exploitation de la navigation aérienne, ancienne compagnie aérienne nationale de la Belgique, en activité de 1923 à 2001."
SAGHALINE,Saghaline,obsolete,"Ancienne graphie de Sakhaline, île russe de l'océan Pacifique, au nord du Japon."
SANGBLEU,sangbleu,dated,"Ancien juron atténué, à l'origine déformation de « sang de Dieu », exprimant la surprise ou l'agacement."
SAQ,SAQ,acronym,"Société des alcools du Québec, société d'État détenant le monopole de la distribution et de la vente d'alcool dans la province."
SARKO,Sarko,colloquial,"Surnom familier de Nicolas Sarkozy, président de la République française de 2007 à 2012."
SARL,SARL,acronym,"Société à responsabilité limitée, forme juridique d'entreprise dans laquelle la responsabilité des associés est limitée à leurs apports."
SAUMACHE,saumache,dialectal,"Se dit d'une eau au goût légèrement salé, intermédiaire entre l'eau douce et l'eau de mer, ou désigne cette eau elle-même."
SAUSSURE,Saussure,obsolete,"Ancienne graphie de Saulxures, nom porté par plusieurs communes françaises."
SAUTOIRE,sautoire,archaic,"Ancienne forme du mot « sautoir », qui désigne selon le contexte un long collier, une croix en X héraldique, ou une aire de saut en athlétisme."
SCALAP,scalap,slang,Terme d'argot désignant l'argent.
SCARIOLE,scariole,dated,"1) Nom vieilli de la laitue scariole, plante sauvage épineuse apparentée à la laitue cultivée. 2) Autre nom de la scarole, variété de chicorée aux feuilles larges."
SCART,SCART,acronym,"Syndicat des constructeurs d'appareils radiorécepteurs et téléviseurs, organisme à l'origine d'une norme française de connecteur audiovisuel, aujourd'hui largement supplantée par le HDMI."
SCHLAGUER,schlaguer,colloquial,"Terme d'argot signifiant frapper, donner des coups."
SCHWARZIE,Schwarzie,colloquial,Surnom familier de l'acteur et homme politique Arnold Schwarzenegger.
SCYLLE,Scylle,archaic,"Ancienne graphie de Scylla, monstre marin de la mythologie grecque qui, avec Charybde, menaçait les navigateurs dans un détroit."
SEPECAT,SEPECAT,acronym,"Société européenne de production de l'avion École de combat et d'appui tactique, consortium franco-britannique à l'origine de l'avion Jaguar."
SERMENTEUX,sermenteux,obsolete,Ancien terme désignant un prêtre ayant prêté le serment de fidélité à la Constitution civile du clergé pendant la Révolution française.
SINGAPORE,Singapore,obsolete,"Ancienne graphie, à l'anglaise, du nom « Singapour »."
SIRET,SIRET,acronym,"Système d'identification du répertoire des établissements, numéro à quatorze chiffres identifiant chaque établissement d'une entreprise en France."
SLACKER,slacker,colloquial,"1) Anglicisme signifiant desserrer ou relâcher quelque chose. 2) Pratiquer la slackline, discipline consistant à marcher en équilibre sur une sangle tendue."
SMOGLEUR,smogleur,dated,"Ancien terme désignant un navire, ou par extension un marin, se livrant à la contrebande, notamment à travers la Manche."
SNOBAGE,snobage,colloquial,"Attitude consistant à afficher un mépris hautain envers autrui, ou action d'ignorer délibérément quelqu'un."
SOEURATRE,sœurâtre,dated,"Terme désignant une demi-sœur ou belle-sœur peu aimante, voire hostile, par analogie avec les contes de fées."
SOPHIE,Sophie,archaic,"1) Prénom féminin d'origine grecque signifiant « sagesse ». 2) Ancien nom francisé de Sofia, capitale de la Bulgarie."
SORATRE,sorâtre,dated,"Variante orthographique de « sœurâtre », désignant une demi-sœur peu aimante ou hostile."
SOUMINATEUR,souminateur,slang,"Dans le contexte du BDSM, personne qui se présente comme soumise mais qui, en réalité, dirige la relation à son propre avantage."
SOUSMETTRE,sousmettre,obsolete,Ancienne graphie du verbe « soumettre ».
SOUSRIRE,sousrire,archaic,Ancienne graphie du mot « sourire ».
SOUSTENIR,soustenir,obsolete,Ancienne graphie du verbe « soutenir ».
SOUSTRAISIT,soustraisit,dated,"Forme du passé simple, à la troisième personne du singulier, du verbe « soustraire »."
SOUVENTESFOIS,souventesfois,archaic,"Ancien adverbe signifiant « souvent », littéralement « bien des fois »."
SOUVIGNIARGUES,Souvigniargues,obsolete,"Ancienne graphie de Souvignargues, commune du département du Gard."
SPARDEGNE,spardègne,dated,"Ancien terme régional désignant l'espadrille, chaussure à semelle de corde."
SPARTILLE,spartille,dated,"Autre ancien terme désignant l'espadrille, chaussure à semelle de corde."
SPONSO,sponso,colloquial,"Abréviation familière de « sponsoring », ou désigne un contenu publicitaire mettant en avant un partenaire commercial."
SSR,SSR,acronym,"Société suisse de radiodiffusion et télévision, groupe audiovisuel public assurant les programmes radio et télévisés en Suisse."
STACHIDE,stachide,dated,"Nom savant, synonyme d'« épiaire », désignant un genre de plantes de la famille des lamiacées."
STALINE,staline,dated,Terme d'argot désignant un verre de vin rouge.
STEPANOFF,Stépanoff,dated,Transcription française du patronyme russe Степанов (Stepanov).
STYFE,styfe,slang,Terme d'argot désignant une fille ou une jeune femme.
SYNIZESIS,synizésis,obsolete,"1) En poésie, fusion de deux syllabes en une seule pour respecter un mètre donné. 2) En biologie cellulaire, regroupement dense des chromosomes d'un côté du noyau avant la division cellulaire. 3) En médecine, occlusion de la pupille entraînant une perte de vision."
TABARNANE,tabarnane,colloquial,"Juron québécois, variante de « tabarnak », dérivé du mot « tabernacle » et employé pour exprimer une forte contrariété."
TAMIEN,tamien,slang,"Terme d'argot désignant le haschisch ou, par extension, une cigarette de cannabis."
TANA,tana,slang,Terme d'argot vulgaire et insultant visant une femme.
TANANARIVE,Tananarive,dated,"Ancien nom, hérité de la période coloniale, de la ville d'Antananarivo, capitale de Madagascar."
TAPROBANE,Taprobane,obsolete,1) Ancien nom donné par les Anciens à l'île aujourd'hui appelée Sri Lanka. 2) Désignait aussi une habitante de cette île.
TAXAMETRE,taxamètre,archaic,"Ancienne graphie de « taximètre », l'appareil mesurant la distance et calculant le tarif d'une course en taxi."
TAYEULE,tayeule,colloquial,"Contraction familière et vulgaire de « ta gueule », employée pour intimer à quelqu'un de se taire."
TD,TD,colloquial,"Abréviation de « travaux dirigés », séances d'enseignement en petit groupe complétant les cours magistraux à l'université."
TECI,téci,slang,"Terme d'argot, verlan de « cité », désignant un ensemble d'immeubles de banlieue ou, par extension, ses habitants."
TENEBROSITE,ténébrosité,literary,"État d'obscurité profonde, au sens propre comme au sens figuré."
TERRIFIQUE,terrifique,dated,"Ancien adjectif signifiant terrifiant, qui inspire une grande frayeur."
THENAILLE,Thenaille,obsolete,"Ancienne graphie de Thenailles, commune du département de l'Aisne."
THEZA,Theza,obsolete,"Ancienne graphie de Théza, commune des Pyrénées-Orientales, près de Perpignan."
THIBET,Thibet,obsolete,Ancienne graphie du mot « Tibet ».
THOULOUSE,Thoulouse,obsolete,"Ancienne graphie de la ville de Toulouse, également portée comme patronyme."
TILSITT,Tilsitt,obsolete,"Ancien nom de Sovetsk, ville de l'oblast de Kaliningrad en Russie, connue sous le nom de Tilsit jusqu'en 1946."
TIMP,timp,slang,Terme d'argot vulgaire et insultant visant une femme.
TONKING,Tonking,obsolete,"Ancienne graphie du Tonkin, région du nord du Vietnam."
TOSSETTE,tossette,slang,"Dans l'argot de l'École polytechnique, désigne une élève de première année."
TOURNAY,Tournay,obsolete,"1) Commune du département des Hautes-Pyrénées. 2) Ancienne graphie de la ville belge de Tournai, également portée comme patronyme."
TOUSKI,touski,slang,"1) Terme familier employé au Québec pour signifier « tout ce qu'il y a », notamment l'ensemble des garnitures disponibles pour un plat. 2) Désigne aussi un plat improvisé à partir de restes variés pour ne rien gaspiller."
TOUTOLOGUE,toutologue,colloquial,Terme familier et moqueur désignant une personne qui prétend tout savoir.
TRADO,trado,colloquial,Abréviation familière de « traduction ».
TREMBLAYE,tremblaye,obsolete,"Ancienne graphie de « tremblaie », un bois planté de trembles."
TROTTIER,trottier,obsolete,"Ancien terme désignant un messager qui se déplaçait rapidement, ou un cheval dressé au trot."
TSIKAVE,Tsikavé,obsolete,"Ancienne transcription française de Zikawei, quartier de Shanghai aujourd'hui appelé Xujiahui."
TUAC,TUAC,acronym,"Travailleurs unis de l'alimentation et du commerce, syndicat nord-américain représentant les salariés des secteurs de l'alimentation et de la distribution."
TUYE,tuyé,regional,"Cheminée pyramidale servant au fumage des viandes, typique des fermes de la région franco-suisse du Jura."
UDA,UDA,acronym,"Union des artistes, syndicat professionnel québécois représentant les artistes du spectacle et des médias."
UER,UER,acronym,"Union européenne de radio-télévision, organisation regroupant les diffuseurs publics européens, à l'origine notamment du concours Eurovision."
UNEDIC,UNEDIC,acronym,"Union nationale interprofessionnelle pour l'emploi dans l'industrie et le commerce, organisme paritaire chargé de la gestion de l'assurance chômage en France."
VAQUEIROLES,Vaqueiroles,obsolete,"Ancienne graphie de Vaquerolles, ferme située sur la commune de Nîmes, dans le Gard."
VAUNEANT,vaunéant,archaic,"Ancien terme désignant une personne bonne à rien, jugée inutile ou méprisable."
VEGRE,Vegre,obsolete,"Ancienne graphie de la Vègre, rivière du département de la Sarthe."
VENEZOLAN,vénézolan,archaic,Ancienne forme de l'adjectif « vénézuélien ».
VEROLLE,verolle,obsolete,"Ancienne forme du mot « virole », bague métallique renforçant l'extrémité d'un manche ou d'un objet."
VERVIN,Vervin,obsolete,"Ancienne graphie de Vervins, sous-préfecture du département de l'Aisne."
VEUE,veuë,obsolete,Ancienne graphie du mot « vue ».
VISSOUS,Vissous,obsolete,"Ancienne graphie de Wissous, commune du département de l'Essonne."
VOGES,Vôges,obsolete,Ancienne graphie du massif et du département des Vosges.
WALLAH,wallah,slang,"Interjection empruntée à l'arabe, littéralement « par Dieu », employée pour marquer la surprise ou pour affirmer que l'on dit vrai."
WE,we,slang,Variante orale très relâchée de « oui ».
WI,wi,slang,Autre variante orale relâchée de « oui ».
WOKIPEDIA,Wokipédia,slang,"Néologisme moqueur formé sur « Wikipédia », visant à dénoncer un prétendu biais idéologique progressiste de l'encyclopédie en ligne."
WORTH,worth,slang,Anglicisme employé pour qualifier ce qui mérite le temps ou l'effort qu'on y consacre.
WOUSUNG,Wousung,obsolete,"Ancienne transcription française de Wusong, rivière et quartier portuaire de Shanghai."
WW,ww,slang,"Autre graphie de « we », variante orale très relâchée de « oui »."
YUNANNE,Yunanne,obsolete,"Ancienne graphie du Yunnan, province du sud-ouest de la Chine frontalière du Myanmar, du Laos et du Vietnam."
YVETTE,Yvette,dated,"1) Prénom féminin, forme féminine d'Yves. 2) Au Québec, surnom donné à la ménagère francophone typique votant pour le camp fédéraliste lors des référendums. 3) Rivière d'Île-de-France, affluent de l'Orge."
ZEAN,ZEAN,acronym,"Zone exempte d'armes nucléaires, territoire où la possession, le stationnement et l'essai d'armes nucléaires sont interdits par traité international."
ZETES,zêtes,colloquial,Contraction orale et familière de « vous êtes ».
ZICZAC,ziczac,obsolete,Ancienne graphie du mot « zigzag ».
ZILCADE,zilcadé,obsolete,"Ancienne transcription de dhou al-qaada, onzième mois du calendrier musulman."
ZILHIDJE,zilhidjé,obsolete,"Ancienne transcription de dhou al-hijja, douzième et dernier mois du calendrier musulman, mois du pèlerinage à La Mecque."
ZILKADE,zilkadé,obsolete,"Autre ancienne transcription de dhou al-qaada, onzième mois du calendrier musulman."
